tar_name,filepath,hash
timeseries_png_AL,3_visualize/out/timeseries_AL.png,b137c9b5a1eb26ce
timeseries_png_AZ,3_visualize/out/timeseries_AZ.png,d956cd737c28f513
timeseries_png_AR,3_visualize/out/timeseries_AR.png,bfcc04dc42bd2831
timeseries_png_CA,3_visualize/out/timeseries_CA.png,5ed22a9bcfdaa714
timeseries_png_CO,3_visualize/out/timeseries_CO.png,7e37a91eb53ca62b
timeseries_png_CT,3_visualize/out/timeseries_CT.png,b9913e8315021eb5
timeseries_png_DE,3_visualize/out/timeseries_DE.png,b0162d85d2b1685d
timeseries_png_DC,3_visualize/out/timeseries_DC.png,cde07bdf376e1024
timeseries_png_FL,3_visualize/out/timeseries_FL.png,91715a521ee675ec
timeseries_png_GA,3_visualize/out/timeseries_GA.png,0760bbc133e8b709
timeseries_png_ID,3_visualize/out/timeseries_ID.png,1c44669d6ade6d49
timeseries_png_IL,3_visualize/out/timeseries_IL.png,a43eef721ce241bc
timeseries_png_IN,3_visualize/out/timeseries_IN.png,2b730e53de811d04
timeseries_png_IA,3_visualize/out/timeseries_IA.png,b8896b9976039534
timeseries_png_KS,3_visualize/out/timeseries_KS.png,2686f5e34ce45c02
timeseries_png_KY,3_visualize/out/timeseries_KY.png,2ab3bd6cd006fa74
timeseries_png_LA,3_visualize/out/timeseries_LA.png,1fefc5dd1d3a2dcc
timeseries_png_ME,3_visualize/out/timeseries_ME.png,59d62d2641da28be
timeseries_png_MD,3_visualize/out/timeseries_MD.png,159b7f645c67fe46
timeseries_png_MA,3_visualize/out/timeseries_MA.png,c897297916eb8ebc
timeseries_png_MI,3_visualize/out/timeseries_MI.png,f004b56a3ebbb73f
timeseries_png_MN,3_visualize/out/timeseries_MN.png,29f298b51d111616
timeseries_png_MS,3_visualize/out/timeseries_MS.png,fe31e18a1baf9152
timeseries_png_MO,3_visualize/out/timeseries_MO.png,da24f2e80edeb5b4
timeseries_png_MT,3_visualize/out/timeseries_MT.png,06823f28060e7592
timeseries_png_NE,3_visualize/out/timeseries_NE.png,96c2895ad08ca64e
timeseries_png_NV,3_visualize/out/timeseries_NV.png,2d905957311c9497
timeseries_png_NH,3_visualize/out/timeseries_NH.png,abdc8bdf5fcd4c74
timeseries_png_NJ,3_visualize/out/timeseries_NJ.png,9933a5916e5f161f
timeseries_png_NM,3_visualize/out/timeseries_NM.png,962e5e5797029d23
timeseries_png_NY,3_visualize/out/timeseries_NY.png,25454e4135fb7d43
timeseries_png_NC,3_visualize/out/timeseries_NC.png,c7973ce2d199410f
timeseries_png_ND,3_visualize/out/timeseries_ND.png,49cea17ec30f7803
timeseries_png_OH,3_visualize/out/timeseries_OH.png,0b47a224dfbaedf8
timeseries_png_OK,3_visualize/out/timeseries_OK.png,4c68bbc0d29d147c
timeseries_png_OR,3_visualize/out/timeseries_OR.png,fb7b147d7c4cfba7
timeseries_png_PA,3_visualize/out/timeseries_PA.png,0473c97009801483
timeseries_png_RI,3_visualize/out/timeseries_RI.png,6caeca62973c6101
timeseries_png_SC,3_visualize/out/timeseries_SC.png,a04545d4588f8502
timeseries_png_SD,3_visualize/out/timeseries_SD.png,38850dfe335d089a
timeseries_png_TN,3_visualize/out/timeseries_TN.png,97773cfe213fed94
timeseries_png_TX,3_visualize/out/timeseries_TX.png,f0932103522fc444
timeseries_png_UT,3_visualize/out/timeseries_UT.png,1537f2177c783aea
timeseries_png_VT,3_visualize/out/timeseries_VT.png,42f570e10631b318
timeseries_png_VA,3_visualize/out/timeseries_VA.png,9b3eb9ba3b2bd1e6
timeseries_png_WA,3_visualize/out/timeseries_WA.png,3b93075adfc4702f
timeseries_png_WV,3_visualize/out/timeseries_WV.png,41fd93e5b953d07c
timeseries_png_WI,3_visualize/out/timeseries_WI.png,6f5fdb5503b1e680
timeseries_png_WY,3_visualize/out/timeseries_WY.png,19c6d4bba337feec
timeseries_png_AK,3_visualize/out/timeseries_AK.png,cd99169a6aefa9c5
timeseries_png_HI,3_visualize/out/timeseries_HI.png,be9573f6c31a861e
timeseries_png_GU,3_visualize/out/timeseries_GU.png,af2db7bfdcd272e9
timeseries_png_PR,3_visualize/out/timeseries_PR.png,df8cd3fa1dc89b35
